[{
  "_id": {
    "$oid": "60827390b25c7984262d1701"
  },
  "date": "20210423"
},{
  "_id": {
    "$oid": "6082f1d5da842c23cf8343d4"
  },
  "date": "20210424"
},{
  "_id": {
    "$oid": "6082f601b03a5f4ac2d4df0f"
  },
  "date": "20210424"
},{
  "_id": {
    "$oid": "6085492e6b7a7259bc14591d"
  },
  "date": "20210425"
},{
  "_id": {
    "$oid": "608557e2ddeb447bdadc13be"
  },
  "date": "20210425"
},{
  "_id": {
    "$oid": "60855927c2cc9b4de45776db"
  },
  "date": "20210425"
},{
  "_id": {
    "$oid": "60855a5c853e1e78c632eef1"
  },
  "date": "20210425"
},{
  "_id": {
    "$oid": "60855d5fc645f734a844fc89"
  },
  "date": "20210425"
},{
  "_id": {
    "$oid": "6085631fc645f734a844fc8a"
  },
  "date": "20210425"
},{
  "_id": {
    "$oid": "608687c5bf3add166649b825"
  },
  "date": "20210426"
},{
  "_id": {
    "$oid": "60890fb8bc7b045f5aa2036e"
  },
  "date": "20210428"
},{
  "_id": {
    "$oid": "608914b2b105e6417a6099dd"
  },
  "date": "20210428"
}]