[{
  "_id": {
    "$oid": "60856123306ec99d41a6bc9f"
  },
  "isDelete": false,
  "deletedAt": "-",
  "title": "123",
  "type": "일반 게시판",
  "__v": 0
},{
  "_id": {
    "$oid": "60856161306ec99d41a6bca2"
  },
  "isDelete": false,
  "deletedAt": "-",
  "title": "123",
  "type": "일반 게시판",
  "__v": 0
},{
  "_id": {
    "$oid": "60856190306ec99d41a6bca3"
  },
  "isDelete": false,
  "deletedAt": "-",
  "title": "123",
  "type": "이벤트형 게시판",
  "__v": 0
},{
  "_id": {
    "$oid": "60856196306ec99d41a6bca4"
  },
  "isDelete": false,
  "deletedAt": "-",
  "title": "수정테스트",
  "type": "일반 게시판",
  "__v": 0
},{
  "_id": {
    "$oid": "6085623c306ec99d41a6bca5"
  },
  "isDelete": true,
  "deletedAt": "function CURRENT_TIME() {\n    return _ref.apply(this, arguments);\n  }",
  "title": "sdfs",
  "type": "일반 게시판",
  "__v": 0
},{
  "_id": {
    "$oid": "6085626c306ec99d41a6bca6"
  },
  "isDelete": true,
  "deletedAt": "function CURRENT_TIME() {\n    return _ref.apply(this, arguments);\n  }",
  "title": "tset",
  "type": "일반 게시판",
  "__v": 0
}]