[{
  "_id": {
    "$oid": "5fb494b7008da78443b12679"
  },
  "userPassword": "131313",
  "username": "asdasd",
  "b_name": "송재홍",
  "b_number": "011",
  "b_asignment": true,
  "zoneCode": "",
  "address": "",
  "detailAddress": "",
  "tel": "0422720269",
  "mobile": "01032290264",
  "email": "4leaf.sjh@gmail.com",
  "secretCode": "",
  "createdAt": "2020-11-10",
  "isExit": false,
  "exitedAt": "-",
  "isBlack": true,
  "blackAt": "2020-11-18 16:49:34",
  "isAgreement1": true,
  "isAgreement2": true,
  "isAgreement3": true,
  "isAgreement4": true,
  "userId": "으베베요",
  "b_chief": "ㅁㄴㅇㅁㄴㅇ",
  "updatedAt": ""
},{
  "_id": {
    "$oid": "5fb4bf3d1bf1dbabaddd7294"
  },
  "userPassword": "131313",
  "username": "asdasd",
  "b_name": "송재홍사업",
  "b_number": "011",
  "b_asignment": true,
  "zoneCode": "",
  "address": "",
  "detailAddress": "",
  "tel": "0422720269",
  "mobile": "01032290264",
  "email": "4leaf.sjh@gmail.com",
  "secretCode": "",
  "createdAt": "2020-10-10",
  "isExit": true,
  "exitedAt": "탛퇴일일일일~~",
  "isBlack": true,
  "blackAt": "2020",
  "isAgreement1": true,
  "isAgreement2": true,
  "isAgreement3": true,
  "isAgreement4": true,
  "userId": "으베베요",
  "b_chief": "ㅁㄴㅇㅁㄴㅇ",
  "updatedAt": ""
}]