[{
  "_id": {
    "$oid": "5ffd546ace8caf864ce5d6c4"
  },
  "name": "name",
  "email": "email",
  "mobile": "mobile",
  "description": "description",
  "isComplete": false,
  "createdAt": "-",
  "completedAt": "2021-04-23 21:52:24",
  "memo": "<p>memodd</p>"
},{
  "_id": {
    "$oid": "5ffd54a183e11854a2f21a5d"
  },
  "name": "name1",
  "email": "email2",
  "mobile": "mobile3",
  "description": "description4",
  "isComplete": true,
  "createdAt": "-1",
  "completedAt": "-2",
  "memo": "memo3"
}]