[{
  "_id": {
    "$oid": "5f9c367a44301943d2893bf1"
  },
  "isDelete": false,
  "deletedAt": "-",
  "hit": 0,
  "thumbnail": "https://firebasestorage.googleapis.com/v0/b/storage-4leaf.appspot.com/o/SAMPLE%2Fuploads%2FeventBoard%2F202142816594bg-01.png?alt=media&token=0a4ba92c-3cb3-42f0-937a-1413b47062ac",
  "title": "관리자 테스트 등록",
  "eventTerm": "202020020202 ~20202020",
  "description": "<p>이벤트 테슽 ㅡ내용</p>",
  "createdAt": "2020-10-31 00:51:22"
},{
  "_id": {
    "$oid": "5f9c369e44301943d2893bf2"
  },
  "isDelete": false,
  "deletedAt": "-",
  "hit": 0,
  "thumbnail": "https://firebasestorage.googleapis.com/v0/b/storage-4leaf.appspot.com/o/SAMPLE%2Fuploads%2FeventBoard%2F2021428165912bg-02.png?alt=media&token=aeadd186-64d7-4a5d-8c7a-606d2f280aa3",
  "title": "테스트",
  "eventTerm": "123123",
  "description": "<p>ㄴㅁㅇㄹㄴㅁㅇㄹㄴㅁㅇㄹ</p>",
  "createdAt": "2020-10-31 00:51:58"
}]