[{
  "_id": {
    "$oid": "5f8466fcd90e260b7d679cd4"
  },
  "imagePath": "https://firebasestorage.googleapis.com/v0/b/storage-4leaf.appspot.com/o/4LEAFLENDING%2Fuploads%2Fprotfolio%2Falexandru-acea-XEB8y0nRRP4-unsplash.jpg?alt=media&token=ce4b68d6-dcb3-48c9-8941-dac847290884",
  "title": "ㅁㄴㅁㄴㅇㄹㅁㅁㅁ",
  "content": "1",
  "link": "https://www.naver.com",
  "sort": 1
},{
  "_id": {
    "$oid": "6082dbfc7f3f5cf721926a54"
  },
  "isDelete": true,
  "deletedAt": "-",
  "title": "ㅅㄷㄴㅅ",
  "link": "ㅅㄴㄷㅆ",
  "thumbnailPath": "https://firebasestorage.googleapis.com/v0/b/storage-4leaf.appspot.com/o/DEVSAMPE%2Fuploads%2Fthumbnail%2F2021423233843%E1%84%8B%E1%85%B5%E1%84%87%E1%85%A9%E1%86%AB%E1%84%92%E1%85%A9%E1%86%AF%E1%84%83%E1%85%B5%E1%86%BC%E1%84%89%E1%85%B3_3D_W.png?alt=media&token=b1a6b504-30f1-45a7-9e14-cfa66e3c3bf5",
  "description": "<p>ㅅㄷㄴㅅㄴ</p>",
  "createdAt": "2021-04-23 23:38:52",
  "updatedAt": "2021-04-23 23:38:52"
},{
  "_id": {
    "$oid": "6082dc6b7f3f5cf721926a55"
  },
  "isDelete": false,
  "deletedAt": "-",
  "title": "test",
  "link": "sss",
  "thumbnailPath": "https://firebasestorage.googleapis.com/v0/b/storage-4leaf.appspot.com/o/SAMPLE%2Fuploads%2FmainBanner%2F202142816434undefined%2F202142816435%E1%84%86%E1%85%AE%E1%84%8C%E1%85%A6-3.png?alt=media&token=06a3ed7f-3e90-4d67-96b3-16dddb926a7c",
  "description": "<p>tt</p>",
  "createdAt": "2021-04-23 23:40:43",
  "updatedAt": "2021-04-28 16:43:09"
},{
  "_id": {
    "$oid": "6082e245b345a126e4fb0ab1"
  },
  "isDelete": false,
  "deletedAt": "-",
  "title": "테테테",
  "link": "ㅁㅁㅁ",
  "thumbnailPath": "https://firebasestorage.googleapis.com/v0/b/storage-4leaf.appspot.com/o/SAMPLE%2Fuploads%2FmainBanner%2F2021428164247undefined%2F2021428164248%E1%84%86%E1%85%AE%E1%84%8C%E1%85%A6-1.png?alt=media&token=76509d93-5258-47c0-ac5a-801467508b17",
  "description": "<p>ㅁㅁㄴㅇㅁㄴㅇ</p>",
  "createdAt": "2021-04-24 00:05:41",
  "updatedAt": "2021-04-28 16:42:53"
},{
  "_id": {
    "$oid": "60856720c645f734a844fc8b"
  },
  "isDelete": true,
  "deletedAt": "-",
  "title": "Test",
  "link": "https://www.naver.com",
  "thumbnailPath": "https://firebasestorage.googleapis.com/v0/b/storage-4leaf.appspot.com/o/SAMPLE%2Fuploads%2FmainBanner%2F202142522162undefined%2F202142522163%E1%84%89%E1%85%B3%E1%84%8F%E1%85%B3%E1%84%85%E1%85%B5%E1%86%AB%E1%84%89%E1%85%A3%E1%86%BA%202021-04-23%20%E1%84%8B%E1%85%A9%E1%84%92%E1%85%AE%208.54.52.png?alt=media&token=1eeec01e-4c83-4e83-8c85-85da0f532e8c",
  "description": "<p>test</p><p><br></p><p><br></p><p><br></p><p><br></p><p><br></p><p>test</p>",
  "createdAt": "2021-04-25 21:57:04",
  "updatedAt": "2021-04-25 22:16:08"
}]