[{
  "_id": {
    "$oid": "5f912b02b14567f264e2bd7e"
  },
  "imagePath": "https://firebasestorage.googleapis.com/v0/b/storage-4leaf.appspot.com/o/MEDIC%2Fuploads%2FmiddleBanner%2F20201022155451%E1%84%89%E1%85%B3%E1%84%8F%E1%85%B3%E1%84%85%E1%85%B5%E1%86%AB%E1%84%89%E1%85%A3%E1%86%BA%202020-10-22%20%E1%84%8B%E1%85%A9%E1%84%92%E1%85%AE%203.46.42.png?alt=media&token=b9e27606-3ac3-437e-a3f6-6ec2ac028e5e",
  "description": "asfd\n\nsadf\nas\ndf\n\nasdfasf",
  "sort": 1
},{
  "_id": {
    "$oid": "5f912b2ab14567f264e2bd7f"
  },
  "imagePath": "https://firebasestorage.googleapis.com/v0/b/storage-4leaf.appspot.com/o/MEDIC%2Fuploads%2FmiddleBanner%2F20201022161255%E1%84%89%E1%85%B3%E1%84%8F%E1%85%B3%E1%84%85%E1%85%B5%E1%86%AB%E1%84%89%E1%85%A3%E1%86%BA%202020-10-22%20%E1%84%8B%E1%85%A9%E1%84%92%E1%85%AE%203.40.24.png?alt=media&token=f00aaa1a-a7c4-4124-85c6-490a11df4412",
  "description": "a\na\na\na\na\na\na\na",
  "sort": 2
},{
  "_id": {
    "$oid": "5f912b42b14567f264e2bd80"
  },
  "imagePath": "https://firebasestorage.googleapis.com/v0/b/storage-4leaf.appspot.com/o/MEDIC%2Fuploads%2FmiddleBanner%2F2020102216137%E1%84%89%E1%85%B3%E1%84%8F%E1%85%B3%E1%84%85%E1%85%B5%E1%86%AB%E1%84%89%E1%85%A3%E1%86%BA%202020-10-22%20%E1%84%8B%E1%85%A9%E1%84%92%E1%85%AE%203.40.24.png?alt=media&token=ac7ef757-5fa3-4874-bdcd-f96f434b08ca",
  "description": "asdsadf",
  "sort": 3
},{
  "_id": {
    "$oid": "5f912b5db14567f264e2bd81"
  },
  "imagePath": "https://firebasestorage.googleapis.com/v0/b/storage-4leaf.appspot.com/o/MEDIC%2Fuploads%2FmiddleBanner%2F20201022161310%E1%84%89%E1%85%B3%E1%84%8F%E1%85%B3%E1%84%85%E1%85%B5%E1%86%AB%E1%84%89%E1%85%A3%E1%86%BA%202020-10-22%20%E1%84%8B%E1%85%A9%E1%84%92%E1%85%AE%203.46.42.png?alt=media&token=47592392-3e56-4c43-955a-c6c49c4cb0ae",
  "description": "xcvzzxcv",
  "sort": 4
},{
  "_id": {
    "$oid": "5f912b69b14567f264e2bd82"
  },
  "imagePath": "https://firebasestorage.googleapis.com/v0/b/storage-4leaf.appspot.com/o/MEDIC%2Fuploads%2FmiddleBanner%2F20201022161316%E1%84%89%E1%85%B3%E1%84%8F%E1%85%B3%E1%84%85%E1%85%B5%E1%86%AB%E1%84%89%E1%85%A3%E1%86%BA%202020-10-22%20%E1%84%8B%E1%85%A9%E1%84%92%E1%85%AE%204.10.43.png?alt=media&token=45492cae-a62e-428f-97af-d9578943aae0",
  "description": "gfgr",
  "sort": 5
},{
  "_id": {
    "$oid": "5f912b75b14567f264e2bd83"
  },
  "imagePath": "https://firebasestorage.googleapis.com/v0/b/storage-4leaf.appspot.com/o/MEDIC%2Fuploads%2FmiddleBanner%2F20201022161319%E1%84%89%E1%85%B3%E1%84%8F%E1%85%B3%E1%84%85%E1%85%B5%E1%86%AB%E1%84%89%E1%85%A3%E1%86%BA%202020-10-22%20%E1%84%8B%E1%85%A9%E1%84%92%E1%85%AE%203.46.42.png?alt=media&token=f61bf6ef-b7c3-4810-8e42-9779dcfb670e",
  "description": "24534asdasdfsdaf",
  "sort": 6
}]