[{
  "_id": {
    "$oid": "5fa7beb00cc9bcd0e5e46e08"
  },
  "title": "titletest",
  "content": "content test",
  "link": "",
  "sort": 1,
  "imagePath": "https://firebasestorage.googleapis.com/v0/b/storage-4leaf.appspot.com/o/HITCHMED%2Fuploads%2FmobileMainBanner%2F2020119113459%E1%84%89%E1%85%B3%E1%84%8F%E1%85%B3%E1%84%85%E1%85%B5%E1%86%AB%E1%84%89%E1%85%A3%E1%86%BA%202020-11-06%20%E1%84%8B%E1%85%A9%E1%84%92%E1%85%AE%204.41.45.png?alt=media&token=97a123f7-b907-4e02-af53-d2689a181972"
},{
  "_id": {
    "$oid": "5fa8aae569ee120b1bfb86cc"
  },
  "title": "titletest2",
  "content": "content test<br />2",
  "link": "",
  "sort": 2,
  "imagePath": "https://firebasestorage.googleapis.com/v0/b/storage-4leaf.appspot.com/o/HITCHMED%2Fuploads%2FmobileMainBanner%2F2020119113623KakaoTalk_Photo_2020-10-05-18-19-03.png?alt=media&token=50d731d5-482b-40f7-afe8-af8976222b1f"
},{
  "_id": {
    "$oid": "5fa8aae769ee120b1bfb86cd"
  },
  "title": "titletest3",
  "content": "content test<br />3",
  "link": "",
  "sort": 3,
  "imagePath": "https://firebasestorage.googleapis.com/v0/b/storage-4leaf.appspot.com/o/HITCHMED%2Fuploads%2FmobileMainBanner%2F2020119113629KakaoTalk_Photo_2020-10-11-15-06-24.jpeg?alt=media&token=4e20ff9b-262d-49a3-8855-f0b98013d319"
},{
  "_id": {
    "$oid": "5fa8aae969ee120b1bfb86ce"
  },
  "title": "titletest4",
  "content": "content test<br />4",
  "link": "",
  "sort": 4,
  "imagePath": "https://firebasestorage.googleapis.com/v0/b/storage-4leaf.appspot.com/o/HITCHMED%2Fuploads%2FmobileMainBanner%2F2020119113633KakaoTalk_Photo_2020-10-05-16-37-19.jpeg?alt=media&token=3106c299-4fa1-482e-b284-96799b5b5c1a"
},{
  "_id": {
    "$oid": "5fa8aaeb69ee120b1bfb86cf"
  },
  "title": "titletest5",
  "content": "content test<br />5",
  "link": "",
  "sort": 5,
  "imagePath": "https://firebasestorage.googleapis.com/v0/b/storage-4leaf.appspot.com/o/HITCHMED%2Fuploads%2FmobileMainBanner%2F2020119113637KakaoTalk_Photo_2020-10-05-18-19-03.png?alt=media&token=85d0dbd6-baf0-4731-ac7e-8d3c55631f19"
},{
  "_id": {
    "$oid": "6082f407da842c23cf8343d5"
  },
  "isDelete": true,
  "deletedAt": "-",
  "title": "ㄴㄴㄴㄴㄴㄴㅇㅇㅇㅇzzz",
  "link": "홀홀홇vvv",
  "thumbnailPath": "https://firebasestorage.googleapis.com/v0/b/storage-4leaf.appspot.com/o/DEVSAMPE%2Fuploads%2Fthumbnail%2F202142412117%E1%84%8B%E1%85%B5%E1%84%87%E1%85%A9%E1%86%AB%E1%84%92%E1%85%A9%E1%86%AF%E1%84%83%E1%85%B5%E1%86%BC%E1%84%89%E1%85%B3_3D_W.png?alt=media&token=d68953f1-d741-4469-84a6-a637f5eab805",
  "description": "<p>ㄹㄹㄹㄹzzc</p>",
  "createdAt": "2021-04-24 01:21:27",
  "updatedAt": "2021-04-24 01:22:36"
},{
  "_id": {
    "$oid": "60856e39c645f734a844fc8c"
  },
  "isDelete": true,
  "deletedAt": "-",
  "title": "Test",
  "link": "12321asd",
  "thumbnailPath": "https://firebasestorage.googleapis.com/v0/b/storage-4leaf.appspot.com/o/SAMPLE%2Fuploads%2FmobileMainBanner%2F2021425223241undefined%2F2021425223242%E1%84%89%E1%85%B3%E1%84%8F%E1%85%B3%E1%84%85%E1%85%B5%E1%86%AB%E1%84%89%E1%85%A3%E1%86%BA%202021-04-23%20%E1%84%8B%E1%85%A9%E1%84%92%E1%85%AE%209.07.25.png?alt=media&token=a88fbd3e-90f7-468d-b2e0-4042453974ec",
  "description": "<p>test</p><p><br></p><p><br></p><p><br></p><p><br></p><p><br></p><p>test. test</p><p><br></p><p>as</p>",
  "createdAt": "2021-04-25 22:27:21",
  "updatedAt": "2021-04-25 22:32:48"
}]