[{
  "_id": {
    "$oid": "6085767e9e6b838e8a5116d2"
  },
  "isDelete": true,
  "platform": "ㄹ홇",
  "url": "ㄱㄸ"
},{
  "_id": {
    "$oid": "608577b89e6b838e8a5116d3"
  },
  "isDelete": true,
  "platform": "ㄹㄴㅁㄹㅁㄴ",
  "url": "ㄹㅁㄴㄹㅁㄹㅁㄴㄹ"
},{
  "_id": {
    "$oid": "608578ba743c1e9373d35a20"
  },
  "isDelete": true,
  "platform": "123",
  "url": "123"
},{
  "_id": {
    "$oid": "6085793f70cba4939e72b6a3"
  },
  "isDelete": true,
  "platform": "dddewrwer",
  "url": "dddd"
},{
  "_id": {
    "$oid": "608914a5bc7b045f5aa2036f"
  },
  "isDelete": false,
  "platform": "instagram",
  "url": "https://www.instagram.com/4leaf_dev/"
}]