[{
  "_id": {
    "$oid": "5fb237f20a268c9d1f4a26fa"
  },
  "rightName": "일반회원",
  "isAdminLogin": false,
  "sort": 1
},{
  "_id": {
    "$oid": "5fb3360ca3fc08a970cdeb56"
  },
  "rightName": "운영자",
  "isAdminLogin": true,
  "sort": 3
},{
  "_id": {
    "$oid": "5fb33649a3fc08a970cdeb57"
  },
  "rightName": "관리자",
  "isAdminLogin": true,
  "sort": 4
},{
  "_id": {
    "$oid": "5fb3846f234f1d0e72238329"
  },
  "isAdminLogin": false,
  "rightName": "우수회원",
  "sort": 2
},{
  "_id": {
    "$oid": "5fb38f2aa3fc08a970cdeb5c"
  },
  "rightName": "개발사",
  "sort": 99,
  "isAdminLogin": true
}]