[{
  "_id": {
    "$oid": "5f9ed77a786e110400524a33"
  },
  "userId": "admin",
  "address": "-",
  "blackAt": "",
  "createdAt": "2020-11-17 12:00:00",
  "deletedAt": "-",
  "detailAddress": "-",
  "email": "-",
  "exitedAt": "-",
  "isAgreement1": true,
  "isAgreement2": true,
  "isAgreement3": false,
  "isAgreement4": false,
  "isBlack": false,
  "isDelete": false,
  "isExit": false,
  "mobile": "-",
  "tel": "-",
  "updatedAt": "2020-11-17 12:00:00",
  "userPassword": "937f135ebf3ec6ecd1ef2045927b4f886f3b67649a898af1c00d3b070b5461933712d5a936823826890755bec115874eacfab111f73a52d569a48facf364bcc3",
  "username": "관리자",
  "zoneCode": "-",
  "right": {
    "$oid": "5fb33649a3fc08a970cdeb57"
  }
},{
  "_id": {
    "$oid": "5fb3be18d321a555ee1c1310"
  },
  "userId": "system",
  "address": "-",
  "blackAt": "",
  "createdAt": "2020-11-17 12:00:00",
  "deletedAt": "-",
  "detailAddress": "-",
  "email": "-",
  "exitedAt": "-",
  "isAgreement1": true,
  "isAgreement2": true,
  "isAgreement3": false,
  "isAgreement4": false,
  "isBlack": false,
  "isDelete": false,
  "isExit": false,
  "mobile": "-",
  "tel": "-",
  "updatedAt": "2020-11-17 12:00:00",
  "userPassword": "1415b3e7fd1237169711f66bf60d4f58a6d46f4e145291cdec0b9e2c1cf2fefb3f10322c2ccc6d6f6e494c5464ebd98d0a8bffec0c1448c4769a5c690aa7355a",
  "username": "포립",
  "zoneCode": "-",
  "right": {
    "$oid": "5fb38f2aa3fc08a970cdeb5c"
  }
}]